Question,Answer
What is the Digital Government Authority?,"The Digital Government Authority (DGA) is Saudi Arabia's official digital government organization dedicated to building a promising digital horizon and providing digital services centered around citizens, residents, visitors, government agencies, and the private sector."
What is the vision of the DGA?,"The DGA's vision is to build the future of digital government, positioning the Kingdom of Saudi Arabia as a pioneering model in providing digital services."
What services does the DGA provide?,"The DGA provides a wide range of digital services including vendor classification, digital stamp issuance, digital platform management, and access to government services through various online portals."
How can I access government services online?,"You can access government services through the National Portal (my.gov.sa), the E-Service Portal (Raqmi), or by downloading the GOV.SA App, which provides convenient access to digital services."
What is the National Portal?,"The National Portal (my.gov.sa) is the official gateway for citizens and residents to access digital government services in Saudi Arabia."
How do I get a Digital Stamp Certificate?,"You can request a Digital Stamp and Registration Platform Certificate through the DGA's digital platform by submitting a request and following the platform procedures and agreements."
What is the Vendor Classification service?,"The Vendor Classification service allows ICT vendors and technology sector companies previously registered in the DGC Cluster portal to apply for technical classification certificates."
What programs does the DGA offer?,"The DGA offers several authority programs including the Whole of Government Program and the Numo Graduate Development Program, designed to support digital transformation initiatives."
What is the Numo Program?,"The Numo Graduate Development Program (V2) is one of the DGA's key programs designed to develop talent and support graduates in the digital government sector."
How does the DGA support digital transformation?,"The DGA provides standards, guidelines, and resources for digital transformation, including the Digital Transformation Standards and Digital Project Management guidelines for government agencies."
What is the Digital Transformation Standards?,"The Digital Transformation Standards are a set of guidelines published by the DGA to help government agencies implement effective digital transformation initiatives."
How can I submit a complaint to the DGA?,"You can submit complaints and feedback through the Contact Us page on the DGA website or use the dedicated complaints and communications channel at dga.gov.sa/contact."
What is the Open Data Portal?,"The Open Data Portal (od.data.gov.sa) is maintained by the DGA and provides access to open government data for research and analysis purposes."
What is the e-Participation Platform?,"The e-Participation Platform (eparticipation.my.gov.sa) allows citizens and residents to actively participate in government decision-making processes and provide feedback on policies and services."
How is the DGA ranked internationally?,"Saudi Arabia ranked 8th in the 2024 Digital Government Index (DGI) issued by Waseda University, Japan, reflecting the Kingdom's strong digital government initiatives."
What is the Local Online Services Index ranking?,"Riyadh city ranked 3rd in the Local Online Services Index (LOSI) for 2024, issued by the United Nations, demonstrating excellence in local digital services."
What is the DGA's Platform Security Policy?,"The DGA maintains a comprehensive Platform Security Policy to ensure the protection of user data and secure access to all digital government services."
What is the Safe Use Policy?,"The Safe Use Policy on the DGA website provides guidelines for secure and responsible use of digital government platforms and services."
How does the DGA handle privacy?,"The DGA has a comprehensive Privacy Policy that outlines how personal information is collected, used, and protected when using digital government services."
What research does the DGA conduct?,"The DGA conducts digital knowledge research including studies on Human-Centered AI, Digital Inclusivity in Government, and Government ICT Spending Reports."
What is the Government ICT Spending Report?,"The Government ICT Spending Report provides transparency about how government agencies allocate resources for information and communication technology investments."
What is the Digital Inclusivity in Government research?,"This research study focuses on ensuring that digital government services are accessible and inclusive for all citizens and residents, including those with disabilities."
What is the Human-Centered AI Research?,"The DGA conducts research on human-centered artificial intelligence to ensure AI technologies used in government services are ethical and user-focused."
How can I provide UX feedback to the DGA?,"You can submit UX feedback through the dedicated feedback portal on the DGA website to help improve digital government services and user experience."
What is the Freedom of Information policy?,"The Freedom of Information policy outlines how citizens and residents can request information from government agencies through the DGA's digital platforms."
Are there career opportunities with the DGA?,"Yes, the DGA offers recruitment and career opportunities. You can explore job openings at career.dga.gov.sa."
What is the Terms and Conditions for DGA services?,"The Terms and Conditions on the DGA website outline the rules and guidelines for using digital government services and platforms."
How does the DGA support Vision 2030?,"The DGA plays a key role in achieving Saudi Arabia's Vision 2030 by digitizing government services and improving citizen engagement through technology."
Can I contact the DGA for support?,"Yes, you can contact the DGA through multiple channels including chat, callback requests, and the contact form on the DGA website at dga.gov.sa/contact."
What is the GOV.SA App?,"The GOV.SA App is a mobile application developed by the DGA that provides convenient access to government services directly from your smartphone."